id_contacto,nombre,telefono,email
1,Dane Fox,6545446655,sit.amet.dapibus@yahoo.net
2,Chancellor Lyons,8323244669,semper.pretium@aol.net
3,Craig English,8592414838,donec.vitae.erat@hotmail.ca
4,Jackson Rich,8174666881,urna.nec@hotmail.com
5,Galena Sanford,3394968665,nulla@aol.edu
6,Orlando Sharpe,3245533418,felis.donec.tempor@icloud.org
7,Charles Norman,7534356555,lacus.cras@protonmail.net
8,Elijah Barry,8661623562,justo.sit@outlook.couk
9,Cole Donaldson,3992428725,accumsan.convallis.ante@google.org
10,Brianna Waller,7538848969,nibh.enim@google.couk
11,Mason Osborn,6223933273,aenean.gravida.nunc@hotmail.edu
12,Vance Hinton,3512784957,nec.luctus@aol.ca
13,Kermit Rios,4817569512,et.malesuada.fames@yahoo.ca
14,Kerry Holden,3798572826,velit.in@protonmail.org
15,Palmer Santana,9254341635,litora@hotmail.org
16,Risa Molina,6867461444,non.ante.bibendum@outlook.net
17,Uriah Walls,4959264685,quis@hotmail.net
18,Roary Chase,7662868388,mollis.vitae@aol.ca
19,Axel Vincent,7798595428,vitae.nibh.donec@outlook.ca
20,Carly Ray,7626239671,elit.sed@icloud.org
21,Micah Pate,8837854862,diam.proin@google.edu
22,Veronica Foley,2884215325,nunc@aol.couk
23,Alexandra Stein,9666854647,dis@hotmail.couk
24,Constance Wooten,2946328662,cursus.luctus@outlook.org
25,Xandra Holman,7676587428,lorem.lorem@icloud.org
26,Raja Austin,2954797247,curabitur.sed.tortor@icloud.com
27,Jayme Mitchell,7639765722,nisi.nibh@hotmail.com
28,Quyn Estes,3462898625,tincidunt.congue@aol.org
29,Phillip Spears,6484587843,morbi.accumsan@icloud.org
30,Maia Sanchez,5858827538,ornare.elit@outlook.edu
31,Wynter Cash,7386535473,nisl@protonmail.edu
32,Kirk Melendez,4434197533,cubilia@protonmail.net
33,Quinn Lindsay,7888835535,leo.morbi@outlook.edu
34,Lila Figueroa,7343842813,sem.ut@google.ca
35,Xanthus Conrad,7518475595,a.scelerisque@icloud.com
36,Brianna Phillips,4688344155,non@hotmail.com
37,Kaseem Cantrell,5721175372,auctor@icloud.org
38,Wylie Goff,2884869849,pretium.et.rutrum@icloud.net
39,Lance Thornton,3573342177,laoreet.libero@icloud.couk
40,Amery Holden,6747838716,posuere.enim@outlook.edu
41,Quynn Rice,2356256441,diam.sed.diam@aol.couk
42,Sebastian Reynolds,6549187335,placerat.eget@outlook.com
43,Declan Perry,6955835952,ligula.tortor@icloud.edu
44,Ora Daniels,4384667333,leo.vivamus@aol.org
45,Chaney Cline,9857433885,nonummy.ultricies@aol.edu
46,Ray Mcneil,3828649636,nonummy.ipsum@outlook.org
47,Willa Williams,5528783953,magna.cras@yahoo.org
48,Hyatt May,8788588649,lectus.sit@icloud.couk
49,Silas Barry,1322831875,pede@google.com
50,Meghan Holt,7392657874,auctor.nunc@protonmail.ca
51,Evelyn Heath,3633825563,eu.accumsan@protonmail.com
52,Caldwell Carver,7927322333,fusce.dolor@google.edu
53,Adena Pitts,2823853629,et@icloud.edu
54,Jacob Stanley,3768836958,lorem.ac@hotmail.edu
55,Xenos Jenkins,8337736565,ante.maecenas.mi@google.couk
56,Duncan Kim,5326236261,interdum@aol.ca
57,Malik Wheeler,9256264898,dictum.magna.ut@icloud.org
58,Kelly Coffey,7447219721,vitae.sodales@aol.com
59,Abraham Steele,6838484467,velit.justo.nec@yahoo.ca
60,Driscoll Doyle,5856951332,enim.non.nisi@protonmail.edu
61,Len Fleming,5565531978,a.sollicitudin.orci@hotmail.com
62,Chiquita Hyde,6846672386,ac.turpis.egestas@yahoo.net
63,Eliana Patterson,1349363657,erat.vivamus.nisi@google.couk
64,Lucius Wiley,6881697732,eu.nulla@aol.com
65,Melyssa Sharp,7984177847,facilisis@aol.couk
66,Preston Carson,9272773457,in.felis@google.com
67,Kyla Bauer,9244968358,diam.at@hotmail.ca
68,Ali Donovan,3788485711,ut.pharetra@hotmail.edu
69,Barrett Rollins,7391843364,nec.ante.maecenas@outlook.edu
70,Serina Rivas,4252393668,consequat.lectus.sit@google.com
71,Omar Chen,3634653868,duis.ac@icloud.net
72,Debra Henry,1176752538,nec.urna.et@aol.couk
73,Zane Kinney,4356345826,lorem.ut@protonmail.ca
74,Maggy Valdez,2958255158,hendrerit.consectetuer@outlook.couk
75,Curran Velasquez,2233583148,fermentum@icloud.net
76,Nyssa Velasquez,6883388591,senectus.et@protonmail.org
77,Carson Peterson,6397626384,diam.luctus@hotmail.ca
78,Dominic Gamble,4457826427,lectus.sit@protonmail.com
79,Martin Gallegos,1423339545,semper@yahoo.ca
80,Derek Walton,3377342785,semper.rutrum@yahoo.com
81,Freya Matthews,6383123522,lectus.a@aol.couk
82,Hakeem Dean,3578277624,ipsum@icloud.couk
83,Teegan Lewis,3753477363,facilisis@google.net
84,Hedwig Conley,2823336666,quisque.ac@aol.couk
85,Ella Reynolds,6534828179,nam.ac@aol.com
86,Knox Rowe,4978874155,posuere@protonmail.edu
87,Yoshio Chambers,3691713288,parturient@aol.com
88,Katelyn Rodriquez,8731144821,sit@outlook.net
89,Micah Patrick,4623227554,aliquam@hotmail.com
90,Anika Petersen,1661756247,ac.feugiat@protonmail.ca
91,Judith Wilkerson,8777826477,dictum@google.couk
92,Garrison Mayer,1745837287,vestibulum.nec.euismod@google.net
93,Myles Gibson,5842254333,id.risus@outlook.org
94,Brett Dixon,4643434373,nunc@yahoo.org
95,Gregory Spears,8877773468,a@icloud.net
96,Griffith Hurley,7667635775,donec@google.net
97,Wang Joseph,3146299768,auctor.mauris.vel@protonmail.net
98,Renee Booker,7771639946,mauris.a@protonmail.edu
99,Justine Craft,8673387545,mauris.eu@google.couk
100,Patrick Allen,2482883785,pellentesque@yahoo.couk